{"train": [24.49861216545105, 23.29119873046875, 23.328381538391113, 23.28946018218994, 23.44413733482361, 23.37620496749878, 23.35319495201111, 23.517529487609863, 23.34606909751892, 23.387356996536255, 23.384862899780273, 23.396586656570435, 23.52565026283264, 23.287143230438232, 23.41749620437622, 23.369808197021484, 23.531760215759277, 23.325374364852905, 23.306915283203125, 23.379355430603027, 23.459853410720825, 23.43305230140686, 23.377070665359497, 23.33778691291809, 23.574747800827026], "val": [17.519893407821655, 17.27010679244995, 17.235649824142456, 17.49873638153076, 17.205567359924316, 17.469476222991943, 17.532061338424683, 17.24432134628296, 17.31714677810669, 17.55906343460083, 17.3260760307312, 18.06563448905945, 17.93405246734619, 17.28561782836914, 17.299176692962646, 17.37620735168457, 17.44142723083496, 17.21787118911743, 17.32241201400757, 17.369050979614258, 17.397268772125244, 17.330405235290527, 17.457401037216187, 17.368250608444214, 17.345245361328125]}