{"train": [1.101168967465778, 0.399630257619115, 0.2478448237806231, 0.1635499685914716, 0.11728251622426887, 0.08412697780345167, 0.06830256436386013, 0.04344878203400595, 0.04267859547901745, 0.03140956437738438, 0.02774496472010819, 0.03063706833073501, 0.01948080461205861, 0.012071023963962344, 0.01468543687442274, 0.012707056031564946, 0.004995493296478494, 0.010860526607909808, 0.011691378691586459, 0.01434296694067358, 0.012079846426089176, 0.020306122037278267, 0.00698077771338221, 0.008753088480886647, 0.012551706496936047], "val": [0.9196938556327335, 1.2120695045206114, 0.6882285468121844, 0.6027544450955382, 0.8890607744415168, 0.7967869703428438, 0.7869802748061367, 0.9111830011962337, 0.760581822279645, 0.8365386187161845, 0.8387370132412615, 0.7647054912723543, 0.8631238731620019, 0.9595615071139943, 0.9454662386977001, 0.8977849264870715, 0.8857836275583627, 1.055719285279252, 0.8601310054820225, 0.9760455259483247, 0.9678332272473316, 0.9044046860878665, 0.9198246833294975, 1.022532576225526, 1.022795876072375]}