{"train": [1.4854662607004354, 0.5489055890892888, 0.3270280623411412, 0.26453795700364713, 0.17954403311628234, 0.14006800192225324, 0.11967581922935507, 0.07857599849669406, 0.05551494063049616, 0.056785986397139075, 0.038498078864784194, 0.03235020962161278, 0.025175786319311586, 0.0192821762168503, 0.029872438997327052, 0.023807540845194996, 0.015478393309375471, 0.012796898645663551, 0.011225564200667776, 0.010867210556778566, 0.0069225323118926995, 0.010324203068776515, 0.007216510801980013, 0.0046212993045756465, 0.008594091715352548], "val": [1.2932876722026223, 0.9768159578286152, 1.1807191715262784, 0.8215702066361543, 0.5975768499167867, 0.8943024365498974, 0.7315938153128049, 0.8714623255923426, 0.8925021167720716, 0.7623095001266151, 0.7295146030848675, 0.7387353163861023, 0.8121073278813266, 0.6475990180947676, 0.6898386559569598, 0.7814334562842385, 0.8345415481705164, 0.9051555626320053, 1.0360385203890425, 1.1234899515475882, 0.9089223916822966, 0.8475741467900828, 1.0005583629432513, 0.8545282102436755, 1.0478546438660048]}