{"train": [22.431636333465576, 20.69553303718567, 21.015421152114868, 20.843868732452393, 20.643481731414795, 20.77686071395874, 20.679327487945557, 20.82754373550415, 20.740453481674194, 20.739205360412598, 20.724283695220947, 20.67803978919983, 20.744043111801147, 20.66298747062683, 20.664713621139526, 20.71544647216797, 20.775695085525513, 20.731974124908447, 20.771448850631714, 20.728646755218506, 20.782914638519287, 20.85972785949707, 20.704899787902832, 20.78888511657715, 20.80848002433777], "val": [19.582371473312378, 18.982943534851074, 19.41805410385132, 20.305389404296875, 19.209708213806152, 19.036516189575195, 19.032224893569946, 18.995026111602783, 18.999779224395752, 18.964844465255737, 18.879968643188477, 19.11526346206665, 18.991059064865112, 18.93771767616272, 19.294516563415527, 19.133609533309937, 19.122863054275513, 19.32839012145996, 19.423360347747803, 19.27298140525818, 19.325823307037354, 19.383139610290527, 18.930277347564697, 18.989128589630127, 19.121663570404053]}