{"train": [59.769230769230774, 85.02197802197801, 91.06593406593406, 92.28571428571428, 94.57142857142857, 95.86813186813187, 96.37362637362638, 97.62637362637363, 98.36263736263736, 98.23076923076923, 98.84615384615385, 99.04395604395604, 99.31868131868133, 99.42857142857143, 99.08791208791209, 99.26373626373626, 99.50549450549451, 99.65934065934066, 99.73626373626374, 99.72527472527473, 99.82417582417582, 99.6923076923077, 99.78021978021978, 99.86813186813187, 99.6923076923077], "val": [66.30901287553648, 77.33125243854857, 74.28794381584082, 81.38899726882559, 85.73936792820913, 85.68084276238783, 85.46625048770971, 85.38821693328131, 85.0565743269606, 86.53921186110027, 86.38314475224347, 86.57822863831449, 85.93445181428014, 87.39758095981273, 87.43659773702691, 86.24658603199376, 87.35856418259851, 86.55872024970738, 85.91494342567304, 85.71985953960203, 87.1439719079204, 87.76824034334764, 86.89036285602809, 87.47561451424113, 86.55872024970738]}