{"train": [70.28571428571428, 88.72527472527473, 92.86813186813187, 95.16483516483515, 96.47252747252747, 97.40659340659342, 97.67032967032966, 98.76923076923076, 98.68131868131869, 99.01098901098902, 99.16483516483517, 99.12087912087912, 99.3956043956044, 99.64835164835165, 99.58241758241758, 99.63736263736264, 99.87912087912088, 99.68131868131867, 99.7032967032967, 99.6043956043956, 99.65934065934066, 99.3076923076923, 99.76923076923076, 99.71428571428571, 99.5934065934066], "val": [77.8579789309403, 79.10651580179477, 82.96917674600078, 86.01248536870855, 82.16933281310965, 83.88607101053454, 86.55872024970738, 85.42723371049551, 86.18806086617245, 85.46625048770971, 86.11002731174405, 87.0074131876707, 86.32461958642217, 87.0074131876707, 87.33905579399142, 87.30003901677722, 87.31954740538431, 86.51970347249318, 87.63168162309793, 86.67577058134998, 85.68084276238783, 86.8318376902068, 87.16348029652751, 86.69527896995707, 86.11002731174405]}